PLAYER,TEAM,COLLEGE,COUNTRY,lon,lat,DRAFT YEAR,DRAFT ROUND,DRAFT NUMBER
Al Horford,ATL,Florida,Dominican Republic,-69.92,18.48,2007,1,3
Francisco Garcia,SAC,Louisville,Dominican Republic,-69.92,18.48,2005,1,23
Alexis Ajinca,TOR,None,France,2.29,48.85,2008,1,20
Boris Diaw,CHA,None,France,2.29,48.85,2003,1,21
Ian Mahinmi,DAL,None,France,2.29,48.85,2005,1,28
Johan Petro,NJN,None,France,2.29,48.85,2005,1,25
Kevin Seraphin,WAS,None,France,2.29,48.85,2010,1,17
Mickael Pietrus,PHX,None,France,2.29,48.85,2003,1,11
Nicolas Batum,POR,None,France,2.29,48.85,2008,1,25
Pape Sy,ATL,None,France,2.29,48.85,2010,2,53
Rodrigue Beaubois,DAL,None,France,2.29,48.85,2009,1,25
Ronny Turiaf,NYK,Gonzaga,France,2.29,48.85,2005,2,37
Tony Parker,SAS,None,France,2.29,48.85,2001,1,28
Anderson Varejao,CLE,None,Brazil,-46.625,-23.533,2004,2,30
Leandro Barbosa,TOR,None,Brazil,-46.625,-23.533,2003,1,28
Nene,DEN,None,Brazil,-46.625,-23.533,2002,1,7
Tiago Splitter,SAS,None,Brazil,-46.625,-23.533,2007,1,28
Andrea Bargnani,TOR,None,Italy,12.496,41.90,2006,1,1
Danilo Gallinari,DEN,None,Italy,12.496,41.90,2008,1,6
Marco Belinelli,NOH,None,Italy,12.496,41.90,2007,1,18
Andrei Kirilenko,UTA,None,Russia,55.75,37.61,1999,1,24
Timofey Mozgov,DEN,None,Russia,55.75,37.61,Undrafted,Undrafted,Undrafted
Andres Nocioni,PHI,None,Argentina,-58.38,-34.6,Undrafted,Undrafted,Undrafted
Carlos Delfino,MIL,None,Argentina,-58.38,-34.6,2003,1,25
Fabricio Oberto,POR,None,Argentina,-58.38,-34.6,Undrafted,Undrafted,Undrafted
Luis Scola,HOU,None,Argentina,-58.38,-34.6,2002,2,55
Manu Ginobili,SAS,None,Argentina,-58.38,-34.6,1999,2,57
Andrew Bogut,MIL,Utah,Australia,150.91,-31.083,2005,1,1
David Andersen,NOH,None,Australia,150.91,-31.083,2002,2,36
Patty Mills,POR,St.Mary's College of California,Australia,150.91,-31.083,2009,2,55
Andris Biedrins,GSW,None,Latvia,24.10,56.946,2004,1,11
Beno Udrih,SAC,None,Slovenia,14.50,46.05,2004,1,28
Goran Dragic,HOU,None,Slovenia,14.50,46.05,2008,2,45
Sasha Vujacic,NJN,None,Slovenia,14.50,46.05,2004,1,27
Carlos Arroyo,BOS,Florida International,Puerto Rico,-66.664,18.200,Undrafted,Undrafted,Undrafted
J.J. Barea,DAL,Northeastern,Puerto Rico,-66.664,18.200,Undrafted,Undrafted,Undrafted
Christian Eyenga,CLE,None,Congo,15.30,-4.32,2009,1,30
DJ Mbenga,NOH,None,Belgium,4.402,51.26,Undrafted,Undrafted,Undrafted
Dan Gadzuric,NJN,UCLA,Netherlands,4.89,52.37,2002,2,33
Francisco Elson,UTA,California,Netherlands,4.89,52.37,1999,2,41
Darius Songaila,PHI,Wake Forest,Lithuania,25.27,54.68,2002,2,49
Linas Kleiza,TOR,Missouri,Lithuania,25.27,54.68,2005,1,27
Zydrunas Ilgauskas,MIA,None,Lithuania,25.27,54.68,1996,1,20
Darko Milicic,MIN,None,Serbia,20.45,44.78,2003,1,2
Nenad Krstic,BOS,None,Serbia,20.45,44.78,2002,1,24
Peja Stojakovic,DAL,None,Serbia,20.45,44.78,1996,1,14
Vladimir Radmanovic,GSW,None,Serbia,20.45,44.78,2001,1,12
DeSagana Diop,CHA,None,Senegal,-17.4676,14.7166,2001,1,8
Hamady Ndiaye,WAS,Rutgers,Senegal,-17.4676,14.7166,2010,2,56
Dirk Nowitzki,DAL,None,Germany,11.43,48.77,1998,1,9
Eduardo Najera,CHA,Oklahoma,Mexico,-99.1332,19.432,2000,2,38
Ersan Ilyasova,MIL,None,Turkey,28.97,41.01,2005,2,36
Hedo Turkoglu,ORL,None,Turkey,28.97,41.01,2000,1,16
Mehmet Okur,UTA,None,Turkey,28.97,41.01,2001,2,37
Omer Asik,CHI,None,Turkey,28.97,41.01,2008,2,36
Semih Erden,CLE,None,Turkey,28.97,41.01,2008,2,60
Gary Forbes,DEN,Massachusetts,Panama,-79.5,8.983,Undrafted,Undrafted,Undrafted
Greivis Vasquez,MEM,Maryland,Venezuela,-66.91,10.500,2010,1,28
Hamed Haddadi,MEM,None,Iran,51.4,35.71,Undrafted,Undrafted,Undrafted
Hasheem Thabeet,HOU,Connecticut,Tanzania,39.1,-6.77,2009,1,2
Jamaal Magloire,MIA,Kentucky,Canada,-102.46,52.32,2000,1,19
Joel Anthony,MIA,UNLV,Canada,-102.46,52.32,Undrafted,Undrafted,Undrafted
Steve Nash,PHX,Santa Clara,Canada,-102.46,52.32,1996,1,15
Jose Calderon,TOR,None,Spain,-3.70,40.416,Undrafted,Undrafted,Undrafted
Marc Gasol,MEM,None,Spain,-3.70,40.416,2007,2,48
Pau Gasol,LAL,None,Spain,-3.70,40.416,2001,1,3
Rudy Fernandez,POR,None,Spain,-3.70,40.416,2007,1,24
Kyrylo Fesenko,UTA,None,Ukraine,37.80,48.00,2007,2,38
Luc Mbah a Moute,MIL,UCLA,Cameroon,9.78,4.06,2008,2,37
Luol Deng,CHI,Duke,United Kingdom,-1.080,53.95,2004,1,7
Marcin Gortat,PHX,None,Poland,21.017,52.237,2005,2,57
Nikola Pekovic,MIN,None,Montenegro,19.26,42.44,2008,2,31
Sasha Pavlovic,BOS,None,Montenegro,19.26,42.44,2003,1,19
Omri Casspi,SAC,None,Israel,35.21,31.77,2009,1,23
Raja Bell,UTA,Florida International,US Virgin Islands,-83.82,34.29,Undrafted,Undrafted,Undrafted
Tim Duncan,SAS,Wake Forest,US Virgin Islands,-83.82,34.29,1997,1,1
Samardo Samuels,CLE,Louisville,Jamaica,-77.89,18.47,Undrafted,Undrafted,Undrafted
Samuel Dalembert,SAC,Seton Hall,Haiti,-72.333,18.53,2001,1,26
Sean Marks,POR,California,New Zealand,174.77,-41.27,1998,2,44
Serge Ibaka,OKC,None,Republic of the Congo,15.82,-0.228,2008,1,24
Solomon Alabi,TOR,Florida State,Nigeria,7.49,9.072,2010,2,50
Thabo Sefolosha,OKC,None,Switzerland,6.14,46.204,2006,1,13
Yao Ming,HOU,None,China,116.38,39.916,2002,1,1
Yi Jianlian,WAS,None,China,116.38,39.916,2007,1,6
Zaza Pachulia,ATL,None,Georgia,44.78,41.71,2003,2,42